"Symbol","Description","Category2","Category3","GICS Sector","Market cap","Dividend yield","Price to TTM earnings","Price to TTM sales","Price to book value","Action"
"AAPL","Apple Inc","Common stocks","Large cap","Information Technology","$2,658,110,550,080","0.54%","0.00","0.00","0.00","Analyze"
"MSFT","Microsoft Corp","Common stocks","Large cap","Information Technology","$2,104,520,343,668","0.84%","0.00","0.00","0.00","Analyze"
"GOOG","Alphabet Inc Class C","Common stocks","Large cap","Communication Services","$1,664,296,534,720","0.00%","0.00","0.00","0.00","Analyze"
"GOOGL","Alphabet Inc Class A","Common stocks","Large cap","Communication Services","$1,664,296,534,720","0.00%","0.00","0.00","0.00","Analyze"
"AMZN","Amazon.Com Inc.","Common stocks","Large cap","Consumer Discretionary","$1,485,933,651,556","0.00%","0.00","0.00","0.00","Analyze"
"TSLA","Tesla Inc","Common stocks","Large cap","Consumer Discretionary","$1,002,276,407,593","0.00%","0.00","0.00","0.00","Analyze"
"BRK.B","Berkshire Hathaway Inc. Class B","Common stocks","Large cap","Financials","$745,025,302,752","0.00%","0.00","0.00","0.00","Analyze"
"NVDA","Nvidia Corp","Common stocks","Large cap","Information Technology","$579,696,603,590","0.08%","0.00","0.00","0.00","Analyze"
"FB","Facebook Inc Class A","Common stocks","Large cap","Communication Services","$533,669,483,935","0.00%","0.00","0.00","0.00","Analyze"
"UNH","Unitedhealth Group Inc","Common stocks","Large cap","Health Care","$492,262,946,365","1.10%","0.00","0.00","0.00","Analyze"
"JNJ","Johnson & Johnson","Common stocks","Large cap","Health Care","$489,070,170,070","2.26%","0.00","0.00","0.00","Analyze"
"V","Visa Inc Class A","Common stocks","Large cap","Information Technology","$462,729,800,000","0.66%","0.00","0.00","0.00","Analyze"
"WMT","Walmart Stores Inc","Common stocks","Large cap","Consumer Staples","$432,021,587,463","1.40%","0.00","0.00","0.00","Analyze"
"PG","Procter & Gamble","Common stocks","Large cap","Consumer Staples","$390,005,701,505","2.15%","0.00","0.00","0.00","Analyze"
"JPM","JP Morgan Chase & Co","Common stocks","Large cap","Financials","$372,674,674,085","3.05%","0.00","0.00","0.00","Analyze"
"XOM","Exxon Mobil Corp","Common stocks","Large cap","Energy","$348,255,313,210","4.18%","0.00","0.00","0.00","Analyze"
"MA","Mastercard Inc Class A","Common stocks","Large cap","Information Technology","$343,866,064,743","0.52%","0.00","0.00","0.00","Analyze"
"HD","Home Depot Inc","Common stocks","Large cap","Consumer Discretionary","$315,114,532,899","2.23%","0.00","0.00","0.00","Analyze"
"CVX","Chevron Corp","Common stocks","Large cap","Energy","$309,431,527,609","3.40%","0.00","0.00","0.00","Analyze"
"BAC","Bank of America Corp","Common stocks","Large cap","Financials","$300,738,437,357","2.16%","0.00","0.00","0.00","Analyze"
"KO","Coca-Cola","Common stocks","Large cap","Consumer Staples","$285,849,565,025","2.55%","0.00","0.00","0.00","Analyze"
"PFE","Pfizer Inc","Common stocks","Large cap","Health Care","$276,458,559,817","3.17%","0.00","0.00","0.00","Analyze"
"ABBV","Abbvie Inc","Common stocks","Large cap","Health Care","$276,070,333,621","3.42%","0.00","0.00","0.00","Analyze"
"LLY","Eli Lilly","Common stocks","Large cap","Health Care","$271,609,400,335","1.23%","0.00","0.00","0.00","Analyze"
"COST","Costco Wholesale Corp","Common stocks","Large cap","Consumer Staples","$251,844,473,821","0.55%","0.00","0.00","0.00","Analyze"
"PEP","Pepsico Inc","Common stocks","Large cap","Consumer Staples","$240,222,122,317","2.45%","0.00","0.00","0.00","Analyze"
"AVGO","Broadcom Inc.","Common stocks","Large cap","Information Technology","$240,020,334,220","3.20%","0.00","0.00","0.00","Analyze"
"DIS","Walt Disney","Common stocks","Large cap","Communication Services","$218,384,977,290","0.00%","0.00","0.00","0.00","Analyze"
"MRK","Merck & Co Inc","Common stocks","Large cap","Health Care","$215,976,215,585","3.10%","0.00","0.00","0.00","Analyze"
"CSCO","Cisco Systems Inc","Common stocks","Large cap","Information Technology","$215,767,485,920","2.84%","0.00","0.00","0.00","Analyze"
"TMO","Thermo Fisher Scientific Inc","Common stocks","Large cap","Health Care","$213,005,712,334","0.20%","0.00","0.00","0.00","Analyze"
"ABT","Abbott Laboratories","Common stocks","Large cap","Health Care","$211,635,506,863","1.52%","0.00","0.00","0.00","Analyze"
"VZ","Verizon Communications Inc","Common stocks","Large cap","Communication Services","$211,066,573,725","6.22%","0.00","0.00","0.00","Analyze"
"ACN","Accenture Plc Class A","Common stocks","Large cap","Information Technology","$209,872,439,678","1.19%","0.00","0.00","0.00","Analyze"
"ORCL","Oracle Corp","Common stocks","Large cap","Information Technology","$205,394,725,860","1.65%","0.00","0.00","0.00","Analyze"
"CMCSA","Comcast A Corp","Common stocks","Large cap","Communication Services","$204,349,771,704","2.21%","0.00","0.00","0.00","Analyze"
"NKE","Nike Inc Class B","Common stocks","Large cap","Consumer Discretionary","$200,844,052,247","0.90%","0.00","0.00","0.00","Analyze"
"ADBE","Adobe Inc","Common stocks","Large cap","Information Technology","$195,591,375,000","0.00%","0.00","0.00","0.00","Analyze"
"INTC","Intel Corporation Corp","Common stocks","Large cap","Information Technology","$192,412,392,401","2.96%","0.00","0.00","0.00","Analyze"
"DHR","Danaher Corp","Common stocks","Large cap","Health Care","$189,374,414,472","0.34%","0.00","0.00","0.00","Analyze"
"MCD","Mcdonalds Corp","Common stocks","Large cap","Consumer Discretionary","$187,031,396,609","2.09%","0.00","0.00","0.00","Analyze"
"WFC","Wells Fargo","Common stocks","Large cap","Financials","$174,226,805,859","1.63%","0.00","0.00","0.00","Analyze"
"CRM","Salesforce.Com Inc","Common stocks","Large cap","Information Technology","$172,824,300,000","0.00%","0.00","0.00","0.00","Analyze"
"UAL","United Continental Holdings Inc","Common stocks","Large cap","Industrials","$167,611,905,693","0.00%","0.00","0.00","0.00","Analyze"
"BMY","Bristol Myers Squibb","Common stocks","Large cap","Health Care","$165,767,159,961","2.68%","0.00","0.00","0.00","Analyze"
"UPS","United Parcel Service Inc Class B","Common stocks","Large cap","Industrials","$163,924,816,000","2.40%","0.00","0.00","0.00","Analyze"
"LIN","Linde Plc","Common stocks","Large cap","Materials","$160,937,059,987","1.38%","0.00","0.00","0.00","Analyze"
"TMUS","T Mobile US Inc","Common stocks","Large cap","Communication Services","$160,921,038,975","0.00%","0.00","0.00","0.00","Analyze"
"TXN","Texas Instrument Inc","Common stocks","Large cap","Information Technology","$160,497,633,329","2.47%","0.00","0.00","0.00","Analyze"
"PM","Philip Morris International Inc","Common stocks","Large cap","Consumer Staples","$158,929,914,945","4.73%","0.00","0.00","0.00","Analyze"
"QCOM","Qualcomm Inc","Common stocks","Large cap","Information Technology","$153,641,134,146","1.98%","0.00","0.00","0.00","Analyze"
"MS","Morgan Stanley","Common stocks","Large cap","Financials","$149,361,454,182","2.86%","0.00","0.00","0.00","Analyze"
"UNP","Union Pacific Corp","Common stocks","Large cap","Industrials","$148,477,707,382","1.89%","0.00","0.00","0.00","Analyze"
"RTX","Raytheon Technologies Corporation","Common stocks","Large cap","Industrials","$148,445,633,033","2.03%","0.00","0.00","0.00","Analyze"
"AMD","Advanced Micro Devices Inc","Common stocks","Large cap","Information Technology","$146,932,117,412","0.00%","0.00","0.00","0.00","Analyze"
"MDT","Medtronic Plc","Common stocks","Large cap","Health Care","$146,871,709,207","2.28%","0.00","0.00","0.00","Analyze"
"NEE","Nextera Energy Inc","Common stocks","Large cap","Utilities","$145,049,539,246","2.12%","0.00","0.00","0.00","Analyze"
"T","AT&T Inc.","Common stocks","Large cap","Communication Services","$139,357,837,377","9.15%","0.00","0.00","0.00","Analyze"
"AXP","American Express","Common stocks","Large cap","Financials","$138,638,397,180","0.98%","0.00","0.00","0.00","Analyze"
"AMGN","Amgen Inc","Common stocks","Large cap","Health Care","$134,604,514,529","2.83%","0.00","0.00","0.00","Analyze"
"CVS","CVS Health Corp","Common stocks","Large cap","Health Care","$133,643,721,221","2.05%","0.00","0.00","0.00","Analyze"
"LOW","Lowes Companies Inc","Common stocks","Large cap","Consumer Discretionary","$132,475,424,778","1.59%","0.00","0.00","0.00","Analyze"
"SPGI","S&P Global Inc","Common stocks","Large cap","Financials","$132,293,581,857","0.81%","0.00","0.00","0.00","Analyze"
"SCHW","Charles Schwab Corporation","Common stocks","Large cap","Financials","$132,118,110,300","1.05%","0.00","0.00","0.00","Analyze"
"HON","Honeywell International Inc","Common stocks","Large cap","Industrials","$131,489,100,461","1.98%","0.00","0.00","0.00","Analyze"
"IBM","International Business Machines Co","Common stocks","Large cap","Information Technology","$125,094,019,053","4.63%","0.00","0.00","0.00","Analyze"
"PLD","Prologis, Inc","REITs","Large cap","Real Estate","$124,150,685,431","1.59%","0.00","0.00","0.00","Analyze"
"INTU","Intuit Inc","Common stocks","Large cap","Information Technology","$122,478,928,275","0.59%","0.00","0.00","0.00","Analyze"
"ANTM","Anthem Inc","Common stocks","Large cap","Health Care","$122,198,642,439","0.92%","0.00","0.00","0.00","Analyze"
"COP","ConocoPhillips","Common stocks","Large cap","Energy","$118,796,058,217","1.92%","0.00","0.00","0.00","Analyze"
"AMT","American Tower Corporation","REITs","Large cap","Real Estate","$118,403,411,807","2.05%","0.00","0.00","0.00","Analyze"
"DE","Deere & Company","Common stocks","Large cap","Industrials","$118,268,425,902","1.05%","0.00","0.00","0.00","Analyze"
"LMT","Lockheed Martin Corp","Common stocks","Large cap","Industrials","$117,856,117,715","2.41%","0.00","0.00","0.00","Analyze"
"CAT","Caterpillar Inc","Common stocks","Large cap","Industrials","$116,126,940,652","2.03%","0.00","0.00","0.00","Analyze"
"TGT","Target Corp","Common stocks","Large cap","Consumer Discretionary","$111,747,952,005","1.39%","0.00","0.00","0.00","Analyze"
"GS","Goldman Sachs Group Inc","Common stocks","Large cap","Financials","$108,615,849,322","2.24%","0.00","0.00","0.00","Analyze"
"BA","Boeing","Common stocks","Large cap","Industrials","$103,854,597,732","0.00%","0.00","0.00","0.00","Analyze"
"PYPL","Paypal Holdings Inc","Common stocks","Large cap","Information Technology","$101,938,536,546","0.00%","0.00","0.00","0.00","Analyze"
"BLK","Blackrock Inc","Common stocks","Large cap","Financials","$101,395,209,363","2.56%","0.00","0.00","0.00","Analyze"
"C","Citigroup Inc","Common stocks","Large cap","Financials","$101,283,141,563","3.94%","0.00","0.00","0.00","Analyze"
"AMAT","Applied Material Inc","Common stocks","Large cap","Information Technology","$101,122,184,326","1.05%","0.00","0.00","0.00","Analyze"
"MO","Altria Group Inc","Common stocks","Large cap","Consumer Staples","$100,115,935,247","6.28%","0.00","0.00","0.00","Analyze"
"GE","General Electric","Common stocks","Large cap","Industrials","$98,807,050,754","0.36%","0.00","0.00","0.00","Analyze"
"CHTR","Charter Communications Inc Class A","Common stocks","Large cap","Communication Services","$97,081,044,487","0.00%","0.00","0.00","0.00","Analyze"
"EL","Estee Lauder Inc Class A","Common stocks","Large cap","Consumer Staples","$96,990,231,686","0.84%","0.00","0.00","0.00","Analyze"
"SYK","Stryker Corp","Common stocks","Large cap","Health Care","$95,871,607,499","1.04%","0.00","0.00","0.00","Analyze"
"ADP","Automatic Data Processing Inc","Common stocks","Large cap","Information Technology","$95,375,477,871","1.72%","0.00","0.00","0.00","Analyze"
"NOW","Servicenow Inc","Common stocks","Large cap","Information Technology","$94,671,188,472","0.00%","0.00","0.00","0.00","Analyze"
"NFLX","Netflix Inc","Common stocks","Large cap","Communication Services","$92,737,190,129","0.00%","0.00","0.00","0.00","Analyze"
"BKNG","Booking Holdings Inc","Common stocks","Large cap","Consumer Discretionary","$92,230,229,849","0.00%","0.00","0.00","0.00","Analyze"
"ISRG","Intuitive Surgical Inc","Common stocks","Large cap","Health Care","$91,576,985,086","0.00%","0.00","0.00","0.00","Analyze"
"MDLZ","Mondelez International Inc","Common stocks","Large cap","Consumer Staples","$90,981,068,155","2.06%","0.00","0.00","0.00","Analyze"
"SBUX","Starbucks Corp","Common stocks","Large cap","Consumer Discretionary","$89,700,394,000","2.39%","0.00","0.00","0.00","Analyze"
"CB","Chubb Ltd","Common stocks","Large cap","Financials","$87,828,197,898","1.53%","0.00","0.00","0.00","Analyze"
"DUK","Duke Energy Corp","Common stocks","Large cap","Utilities","$87,591,462,361","3.40%","0.00","0.00","0.00","Analyze"
"MMC","Marsh & McLennan Inc","Common stocks","Large cap","Financials","$86,178,586,411","1.24%","0.00","0.00","0.00","Analyze"
"ZTS","Zoetis Inc","Common stocks","Large cap","Health Care","$85,065,531,346","0.64%","0.00","0.00","0.00","Analyze"
"MMM","3M","Common stocks","Large cap","Industrials","$84,578,945,083","3.94%","0.00","0.00","0.00","Analyze"
"CCI","Crown Castle International Corp.","REITs","Large cap","Real Estate","$83,518,424,738","2.87%","0.00","0.00","0.00","Analyze"
"ADI","Analog Devices Inc","Common stocks","Large cap","Information Technology","$83,165,240,460","1.77%","0.00","0.00","0.00","Analyze"
"CI","Cigna Corp","Common stocks","Large cap","Health Care","$80,982,312,674","1.61%","0.00","0.00","0.00","Analyze"
"CME","CME Group Inc Class A","Common stocks","Large cap","Financials","$79,632,975,336","1.66%","0.00","0.00","0.00","Analyze"
"SO","Southern Co","Common stocks","Large cap","Utilities","$79,485,187,227","3.47%","0.00","0.00","0.00","Analyze"
"GILD","Gilead Sciences Inc","Common stocks","Large cap","Health Care","$78,556,003,259","4.49%","0.00","0.00","0.00","Analyze"
"MU","Micron Technology Inc","Common stocks","Large cap","Information Technology","$78,300,680,013","0.43%","0.00","0.00","0.00","Analyze"
"USB","US Bancorp","Common stocks","Large cap","Financials","$75,499,361,916","3.50%","0.00","0.00","0.00","Analyze"
"CSX","CSX Corp","Common stocks","Large cap","Industrials","$75,316,364,737","1.09%","0.00","0.00","0.00","Analyze"
"REGN","Regeneron Pharmaceuticals Inc","Common stocks","Large cap","Health Care","$74,575,002,376","0.00%","0.00","0.00","0.00","Analyze"
"TJX","TJX Companies, Inc.","Common stocks","Large cap","Consumer Discretionary","$74,497,710,463","1.63%","0.00","0.00","0.00","Analyze"
"EW","Edwards Lifesciences Corp","Common stocks","Large cap","Health Care","$74,433,733,113","0.00%","0.00","0.00","0.00","Analyze"
"BDX","Becton Dickinson","Common stocks","Large cap","Health Care","$73,601,932,561","1.28%","0.00","0.00","0.00","Analyze"
"PNC","PNC Financial Services Group, Inc.","Common stocks","Large cap","Financials","$72,183,452,828","3.01%","0.00","0.00","0.00","Analyze"
"AON","Aon Plc","Common stocks","Large cap","Financials","$70,823,648,585","0.63%","0.00","0.00","0.00","Analyze"
"PSA","Public Storage","REITs","Large cap","Real Estate","$69,967,333,275","1.99%","0.00","0.00","0.00","Analyze"
"VRTX","Vertex Pharmaceuticals Inc","Common stocks","Large cap","Health Care","$69,423,463,264","0.00%","0.00","0.00","0.00","Analyze"
"NOC","Northrop Grumman Corp","Common stocks","Large cap","Industrials","$69,135,631,469","1.41%","0.00","0.00","0.00","Analyze"
"CL","Colgate-Palmolive","Common stocks","Large cap","Consumer Staples","$68,768,951,535","2.21%","0.00","0.00","0.00","Analyze"
"D","Dominion Energy Inc","Common stocks","Large cap","Utilities","$68,550,585,069","2.99%","0.00","0.00","0.00","Analyze"
"EQIX","Equinix, Inc.","REITs","Large cap","Real Estate","$68,489,722,836","1.55%","0.00","0.00","0.00","Analyze"
"TFC","Truist Financial Corporation","Common stocks","Large cap","Financials","$67,566,019,779","3.68%","0.00","0.00","0.00","Analyze"
"GD","General Dynamics Corp","Common stocks","Large cap","Industrials","$66,524,678,981","2.00%","0.00","0.00","0.00","Analyze"
"LRCX","Lam Research Corp","Common stocks","Large cap","Information Technology","$66,460,658,128","1.21%","0.00","0.00","0.00","Analyze"
"NSC","Norfolk Southern Corp","Common stocks","Large cap","Industrials","$65,970,061,822","1.69%","0.00","0.00","0.00","Analyze"
"ICE","Intercontinental Exchange Inc","Common stocks","Large cap","Financials","$65,486,936,901","1.17%","0.00","0.00","0.00","Analyze"
"EOG","EOG Resources Inc","Common stocks","Large cap","Energy","$65,428,979,385","2.04%","0.00","0.00","0.00","Analyze"
"WM","Waste Management Inc","Common stocks","Large cap","Industrials","$64,748,324,903","1.51%","0.00","0.00","0.00","Analyze"
"PGR","Progressive Corp","Common stocks","Large cap","Financials","$64,664,175,031","1.71%","0.00","0.00","0.00","Analyze"
"SHW","Sherwin Williams","Common stocks","Large cap","Materials","$64,621,025,177","0.90%","0.00","0.00","0.00","Analyze"
"FISV","Fiserv Inc","Common stocks","Large cap","Information Technology","$63,866,173,258","0.00%","0.00","0.00","0.00","Analyze"
"ITW","Illinois Tool Inc","Common stocks","Large cap","Industrials","$63,665,032,695","2.33%","0.00","0.00","0.00","Analyze"
"BSX","Boston Scientific Corp","Common stocks","Large cap","Health Care","$63,617,654,908","0.00%","0.00","0.00","0.00","Analyze"
"HCA","HCA Healthcare, Inc.","Common stocks","Large cap","Health Care","$63,574,872,569","0.95%","0.00","0.00","0.00","Analyze"
"ATVI","Activision Blizzard Inc","Common stocks","Large cap","Communication Services","$60,951,032,345","0.60%","0.00","0.00","0.00","Analyze"
"MRNA","Moderna, Inc.","Common stocks","Large cap","Health Care","$60,618,270,689","0.00%","0.00","0.00","0.00","Analyze"
"FIS","Fidelity National Information Services","Common stocks","Large cap","Information Technology","$60,596,702,733","1.64%","0.00","0.00","0.00","Analyze"
"FCX","Freeport-McMoRan, Inc.","Common stocks","Large cap","Materials","$60,403,308,675","0.72%","0.00","0.00","0.00","Analyze"
"MCO","Moodys Corp","Common stocks","Large cap","Financials","$60,342,134,651","0.78%","0.00","0.00","0.00","Analyze"
"F","Ford Motor Company","Common stocks","Large cap","Consumer Discretionary","$59,748,277,280","1.96%","0.00","0.00","0.00","Analyze"
"MAR","Marriott International Inc","Common stocks","Large cap","Consumer Discretionary","$59,717,338,387","0.00%","0.00","0.00","0.00","Analyze"
"ETN","Eaton Corporation, PLC","Common stocks","Large cap","Industrials","$58,764,746,075","2.09%","0.00","0.00","0.00","Analyze"
"GM","General Motors","Common stocks","Large cap","Consumer Discretionary","$57,859,309,639","0.00%","0.00","0.00","0.00","Analyze"
"NEM","Newmont Corporation","Common stocks","Large cap","Materials","$57,627,009,203","2.99%","0.00","0.00","0.00","Analyze"
"MET","Metlife Inc","Common stocks","Large cap","Financials","$56,996,405,096","2.75%","0.00","0.00","0.00","Analyze"
"DG","Dollar General Corp","Common stocks","Large cap","Consumer Discretionary","$56,850,751,601","0.73%","0.00","0.00","0.00","Analyze"
"COF","Capital One Financial Corp","Common stocks","Large cap","Financials","$56,171,112,631","1.60%","0.00","0.00","0.00","Analyze"
"PXD","Pioneer Natural Resource","Common stocks","Large cap","Energy","$56,140,211,227","1.36%","0.00","0.00","0.00","Analyze"
"HUM","Humana Inc","Common stocks","Large cap","Health Care","$55,960,961,301","0.65%","0.00","0.00","0.00","Analyze"
"EMR","Emerson Electric","Common stocks","Large cap","Industrials","$54,855,729,000","2.20%","0.00","0.00","0.00","Analyze"
"SLB","Schlumberger Nv","Common stocks","Large cap","Energy","$54,669,717,336","1.29%","0.00","0.00","0.00","Analyze"
"APD","Air Products And Chemicals Inc","Common stocks","Large cap","Materials","$53,824,112,868","2.50%","0.00","0.00","0.00","Analyze"
"FDX","FedEx Corporation","Common stocks","Large cap","Industrials","$53,235,208,237","1.45%","0.00","0.00","0.00","Analyze"
"KHC","Kraft Heinz","Common stocks","Large cap","Consumer Staples","$52,719,443,872","3.66%","0.00","0.00","0.00","Analyze"
"SRE","Sempra Energy","Common stocks","Large cap","Utilities","$52,222,376,833","3.31%","0.00","0.00","0.00","Analyze"
"FTNT","Fortinet Inc","Common stocks","Large cap","Information Technology","$52,022,188,627","0.00%","0.00","0.00","0.00","Analyze"
"WBD","Warner Bros. Discovery, Inc. - Series A","Common stocks","Large cap","Communication Services","$51,600,000,000","0.00%","0.00","0.00","0.00","Analyze"
"OXY","Occidental Petroleum Corp","Common stocks","Large cap","Energy","$51,455,053,099","0.29%","0.00","0.00","0.00","Analyze"
"ADM","Archer-Daniels-Midland Company","Common stocks","Large cap","Consumer Staples","$51,162,951,399","1.65%","0.00","0.00","0.00","Analyze"
"AEP","American Electric Power Inc","Common stocks","Large cap","Utilities","$50,706,957,420","2.99%","0.00","0.00","0.00","Analyze"
"ECL","Ecolab Inc","Common stocks","Large cap","Materials","$50,276,447,233","1.12%","0.00","0.00","0.00","Analyze"
"ILMN","Illumina Inc","Common stocks","Large cap","Health Care","$50,126,645,821","0.00%","0.00","0.00","0.00","Analyze"
"KLAC","KLA-Tencor Corporation","Common stocks","Large cap","Information Technology","$49,918,428,755","1.22%","0.00","0.00","0.00","Analyze"
"DOW","Dow Inc.","Common stocks","Large cap","Materials","$49,561,892,385","4.04%","0.00","0.00","0.00","Analyze"
"CNC","Centene Corp","Common stocks","Large cap","Health Care","$49,462,775,470","0.00%","0.00","0.00","0.00","Analyze"
"KMB","Kimberly Clark Corp","Common stocks","Large cap","Consumer Staples","$48,342,069,736","3.15%","0.00","0.00","0.00","Analyze"
"AIG","American International Group Inc","Common stocks","Large cap","Financials","$48,116,855,634","2.13%","0.00","0.00","0.00","Analyze"
"ROP","Roper Technologies Inc","Common stocks","Large cap","Industrials","$48,077,802,690","0.52%","0.00","0.00","0.00","Analyze"
"EXC","Exelon Corp","Common stocks","Large cap","Utilities","$47,801,279,929","2.34%","0.00","0.00","0.00","Analyze"
"PAYX","Paychex Inc","Common stocks","Large cap","Information Technology","$47,744,549,695","1.98%","0.00","0.00","0.00","Analyze"
"MCK","Mckesson Corp","Common stocks","Large cap","Health Care","$47,532,523,323","0.58%","0.00","0.00","0.00","Analyze"
"ORLY","Oreilly Automotive Inc","Common stocks","Large cap","Consumer Discretionary","$47,297,171,267","0.00%","0.00","0.00","0.00","Analyze"
"MPC","Marathon Petroleum Corp","Common stocks","Large cap","Energy","$47,065,483,915","2.72%","0.00","0.00","0.00","Analyze"
"STZ","Constellation Brands Class A","Common stocks","Large cap","Consumer Staples","$47,018,324,224","1.22%","0.00","0.00","0.00","Analyze"
"LHX","L3Harris Technologies, Inc.","Common stocks","Large cap","Industrials","$46,898,086,130","1.71%","0.00","0.00","0.00","Analyze"
"HSY","Hershey Foods","Common stocks","Large cap","Consumer Staples","$46,827,787,160","1.55%","0.00","0.00","0.00","Analyze"
"SYY","Sysco Corp","Common stocks","Large cap","Consumer Staples","$46,005,780,221","2.08%","0.00","0.00","0.00","Analyze"
"MNST","Monster Beverage Corp","Common stocks","Large cap","Consumer Staples","$45,884,825,985","0.00%","0.00","0.00","0.00","Analyze"
"NXPI","NXP Semiconductors Nv","Common stocks","Large cap","Information Technology","$45,379,606,594","1.46%","0.00","0.00","0.00","Analyze"
"SNPS","Synopsys Inc","Common stocks","Large cap","Information Technology","$44,539,478,750","0.00%","0.00","0.00","0.00","Analyze"
"CTSH","Cognizant Technology Solutions","Common stocks","Large cap","Information Technology","$44,302,211,573","1.17%","0.00","0.00","0.00","Analyze"
"JCI","Johnson Controls International Plc","Common stocks","Large cap","Industrials","$44,072,572,824","1.95%","0.00","0.00","0.00","Analyze"
"AZO","Autozone Inc","Common stocks","Large cap","Consumer Discretionary","$43,581,762,490","0.00%","0.00","0.00","0.00","Analyze"
"HLT","Hilton Worldwide Holdings Inc","Common stocks","Large cap","Consumer Discretionary","$43,541,874,470","0.00%","0.00","0.00","0.00","Analyze"
"O","Realty Income Corporation","REITs","Large cap","Real Estate","$43,497,300,224","3.89%","0.00","0.00","0.00","Analyze"
"GIS","General Mills Inc","Common stocks","Large cap","Consumer Staples","$43,479,708,638","2.79%","0.00","0.00","0.00","Analyze"
"DXCM","Dexcom Inc","Common stocks","Large cap","Health Care","$43,419,744,093","0.00%","0.00","0.00","0.00","Analyze"
"WELL","Welltower Inc","REITs","Large cap","Real Estate","$43,381,083,175","0.00%","0.00","0.00","0.00","Analyze"
"DLR","Digital Realty Trust, Inc","REITs","Large cap","Real Estate","$43,144,259,346","3.06%","0.00","0.00","0.00","Analyze"
"PRU","Prudential Financial Inc","Common stocks","Large cap","Financials","$42,860,240,000","4.02%","0.00","0.00","0.00","Analyze"
"NUE","Nucor Corp","Common stocks","Large cap","Materials","$42,617,584,762","1.14%","0.00","0.00","0.00","Analyze"
"CMG","Chipotle Mexican Grill Inc","Common stocks","Large cap","Consumer Discretionary","$42,477,474,072","0.00%","0.00","0.00","0.00","Analyze"
"APH","Amphenol Corp","Common stocks","Large cap","Information Technology","$42,251,940,476","0.97%","0.00","0.00","0.00","Analyze"
"KMI","Kinder Morgan Inc","Common stocks","Large cap","Energy","$42,197,663,690","5.67%","0.00","0.00","0.00","Analyze"
"IQV","IQVIA Holdings, Inc.","Common stocks","Large cap","Health Care","$41,974,587,950","0.00%","0.00","0.00","0.00","Analyze"
"CTAS","Cintas Corp","Common stocks","Large cap","Industrials","$41,949,120,514","0.88%","0.00","0.00","0.00","Analyze"
"CDNS","Cadence Design Systems Inc","Common stocks","Large cap","Information technology","$41,862,460,345","0.00%","0.00","0.00","0.00","Analyze"
"TRV","Travelers Companies Inc","Common stocks","Large cap","Financials","$41,858,797,189","2.00%","0.00","0.00","0.00","Analyze"
"RSG","Republic Services Inc","Common stocks","Large cap","Industrials","$41,825,874,640","1.36%","0.00","0.00","0.00","Analyze"
"CTVA","Corteva, Inc.","Common stocks","Large cap","Materials","$41,644,127,567","0.96%","0.00","0.00","0.00","Analyze"
"ADSK","Autodesk Inc","Common stocks","Large cap","Information Technology","$41,538,419,230","0.00%","0.00","0.00","0.00","Analyze"
"SPG","Simon Property Group, Inc","REITs","Large cap","Real Estate","$41,466,347,678","4.83%","0.00","0.00","0.00","Analyze"
"VLO","Valero Energy Corp","Common stocks","Large cap","Energy","$41,301,958,915","3.82%","0.00","0.00","0.00","Analyze"
"WMB","Williams Inc","Common stocks","Large cap","Energy","$41,208,595,615","4.78%","0.00","0.00","0.00","Analyze"
"KR","Kroger","Common stocks","Large cap","Consumer Staples","$41,004,343,559","1.42%","0.00","0.00","0.00","Analyze"
"TEL","TE Connectivity Ltd","Common stocks","Large cap","Information Technology","$40,593,381,362","1.60%","0.00","0.00","0.00","Analyze"
"AFL","Aflac Inc","Common stocks","Large cap","Financials","$40,551,318,600","2.21%","0.00","0.00","0.00","Analyze"
"XEL","Xcel Energy Inc","Common stocks","Large cap","Utilities","$40,131,894,976","2.50%","0.00","0.00","0.00","Analyze"
"IDXX","Idexx Laboratories Inc","Common stocks","Large cap","Health Care","$39,788,315,373","0.00%","0.00","0.00","0.00","Analyze"
"TWTR","Twitter Inc","Common stocks","Large cap","Communication Services","$39,476,958,456","0.00%","0.00","0.00","0.00","Analyze"
"WBA","Walgreen Boots Alliance Inc","Common stocks","Large cap","Consumer Staples","$39,206,677,531","4.13%","0.00","0.00","0.00","Analyze"
"PSX","Phillips 66","Common stocks","Large cap","Energy","$38,977,614,214","4.42%","0.00","0.00","0.00","Analyze"
"HPQ","HP Inc","Common stocks","Large cap","Information Technology","$38,974,534,600","2.38%","0.00","0.00","0.00","Analyze"
"SBAC","SBA Communications Corporation","REITs","Large cap","Real Estate","$38,879,722,126","0.68%","0.00","0.00","0.00","Analyze"
"DLTR","Dollar Tree Inc","Common stocks","Large cap","Consumer Discretionary","$38,234,989,381","0.00%","0.00","0.00","0.00","Analyze"
"GPN","Global Payments Inc","Common stocks","Large cap","Information Technology","$38,232,921,407","0.69%","0.00","0.00","0.00","Analyze"
"MCHP","Microchip Technology Inc","Common stocks","Large cap","Information Technology","$37,862,968,645","1.02%","0.00","0.00","0.00","Analyze"
"MSI","Motorola Solutions Inc","Common stocks","Large cap","Information Technology","$37,684,213,584","1.33%","0.00","0.00","0.00","Analyze"
"MSCI","MSCI Inc","Common stocks","Large cap","Financials","$37,570,154,331","0.84%","0.00","0.00","0.00","Analyze"
"AJG","Arthur J Gallagher","Common stocks","Large cap","Financials","$37,497,875,830","1.09%","0.00","0.00","0.00","Analyze"
"ROST","Ross Stores Inc","Common stocks","Large cap","Consumer Discretionary","$37,110,545,027","1.10%","0.00","0.00","0.00","Analyze"
"DVN","Devon Energy Corp","Common stocks","Large cap","Energy","$37,102,852,624","3.63%","0.00","0.00","0.00","Analyze"
"ALL","Allstate Corp","Common stocks","Large cap","Financials","$36,691,577,629","2.46%","0.00","0.00","0.00","Analyze"
"BAX","Baxter International Inc","Common stocks","Large cap","Health Care","$36,688,093,270","1.53%","0.00","0.00","0.00","Analyze"
"ANET","Arista Networks Inc","Common stocks","Large cap","Information Technology","$36,657,789,707","0.00%","0.00","0.00","0.00","Analyze"
"A","Agilent Technologies Inc","Common stocks","Large cap","Health Care","$36,479,464,060","0.66%","0.00","0.00","0.00","Analyze"
"PEG","Public Service Enterprise Group Inc","Common stocks","Large cap","Utilities","$36,470,941,198","2.82%","0.00","0.00","0.00","Analyze"
"EA","Electronic Arts Inc","Common stocks","Large cap","Communication Services","$36,038,633,644","0.53%","0.00","0.00","0.00","Analyze"
"BK","Bank Of New York Mellon Corp","Common stocks","Large cap","Financials","$35,811,303,603","2.97%","0.00","0.00","0.00","Analyze"
"CARR","Carrier Global Corporation","Common stocks","Large cap","Industrials","$35,792,156,642","1.21%","0.00","0.00","0.00","Analyze"
"PH","Parker-Hannifin Corp","Common stocks","Large cap","Industrials","$35,750,186,437","1.47%","0.00","0.00","0.00","Analyze"
"YUM","Yum Brands Inc","Common stocks","Large cap","Consumer Discretionary","$34,950,014,000","1.70%","0.00","0.00","0.00","Analyze"
"TT","Trane Technologies plc","Common stocks","Large cap","Industrials","$34,945,420,660","1.62%","0.00","0.00","0.00","Analyze"
"TDG","Transdigm Group Inc","Common stocks","Large cap","Industrials","$34,754,758,438","0.00%","0.00","0.00","0.00","Analyze"
"AVB","AvalonBay Communities, Inc","REITs","Large cap","Real Estate","$34,733,685,437","2.54%","0.00","0.00","0.00","Analyze"
"DD","DuPont de Nemours, Inc.","Common stocks","Large cap","Materials","$34,478,250,742","1.80%","0.00","0.00","0.00","Analyze"
"LYB","Lyondellbasell Industries NV","Common stocks","Large cap","Materials","$34,465,382,083","4.25%","0.00","0.00","0.00","Analyze"
"TSN","Tyson Foods Inc Class A","Common stocks","Large cap","Consumer Staples","$34,414,493,360","1.90%","0.00","0.00","0.00","Analyze"
"ED","Consolidated Edison Inc","Common stocks","Large cap","Utilities","$34,020,204,225","3.20%","0.00","0.00","0.00","Analyze"
"VRSK","Verisk Analytics Inc","Common stocks","Large cap","Industrials","$33,950,414,339","0.55%","0.00","0.00","0.00","Analyze"
"EQR","Equity Residential","REITs","Large cap","Real Estate","$33,942,939,040","2.67%","0.00","0.00","0.00","Analyze"
"ABC","AmerisourceBergen Corp","Common stocks","Large cap","Health Care","$33,142,008,374","1.13%","0.00","0.00","0.00","Analyze"
"RMD","Resmed Inc","Common stocks","Large cap","Health Care","$33,041,627,432","0.73%","0.00","0.00","0.00","Analyze"
"FAST","Fastenal","Common stocks","Large cap","Industrials","$32,602,325,652","1.52%","0.00","0.00","0.00","Analyze"
"WEC","WEC Energy Group Inc","Common stocks","Large cap","Utilities","$32,461,367,585","2.65%","0.00","0.00","0.00","Analyze"
"DFS","Discover Financial Services","Common stocks","Large cap","Financials","$32,091,551,304","1.71%","0.00","0.00","0.00","Analyze"
"SIVB","SVB Financial Group","Common stocks","Large cap","Financials","$31,951,833,996","0.00%","0.00","0.00","0.00","Analyze"
"HES","Hess Corp","Common stocks","Large cap","Energy","$31,941,762,573","1.09%","0.00","0.00","0.00","Analyze"
"HAL","Halliburton","Common stocks","Large cap","Energy","$31,866,808,618","0.72%","0.00","0.00","0.00","Analyze"
"ODFL","Old Dominion Freight Line Inc","Common stocks","Large cap","Industrials","$31,832,646,392","0.32%","0.00","0.00","0.00","Analyze"
"BKR","Baker Hughes Company Class A","Common stocks","Large cap","Energy","$31,823,277,600","0.59%","0.00","0.00","0.00","Analyze"
"OTIS","Otis Worldwide Corporation","Common stocks","Large cap","Industrials","$31,536,636,827","1.28%","0.00","0.00","0.00","Analyze"
"BIIB","Biogen Inc","Common stocks","Large cap","Health Care","$31,529,397,610","0.00%","0.00","0.00","0.00","Analyze"
"ARE","Alexandria Real Estate Equities, Inc","REITs","Large cap","Real Estate","$31,501,072,263","2.33%","0.00","0.00","0.00","Analyze"
"IFF","International Flavors & Fragrances","Common stocks","Large cap","Materials","$31,351,432,813","2.54%","0.00","0.00","0.00","Analyze"
"BF.B","Brown Forman Inc Class B","Common stocks","Large cap","Consumer Staples","$31,341,905,712","1.08%","0.00","0.00","0.00","Analyze"
"TROW","T Rowe Price Group Inc","Common stocks","Large cap","Financials","$31,253,246,903","3.19%","0.00","0.00","0.00","Analyze"
"ES","Eversource Energy","Common stocks","Large cap","Utilities","$31,237,254,984","2.67%","0.00","0.00","0.00","Analyze"
"WY","Weyerhaeuser Company","REITs","Large cap","Real Estate","$31,093,267,785","1.59%","0.00","0.00","0.00","Analyze"
"AMP","Ameriprise Finance Inc","Common stocks","Large cap","Financials","$31,067,769,269","1.60%","0.00","0.00","0.00","Analyze"
"PPG","PPG Industries Inc","Common stocks","Large cap","Materials","$30,549,376,841","1.78%","0.00","0.00","0.00","Analyze"
"EBAY","Ebay Inc","Common stocks","Large cap","Consumer Discretionary","$30,423,546,035","1.41%","0.00","0.00","0.00","Analyze"
"ROK","Rockwell Automation Inc","Common stocks","Large cap","Industrials","$30,363,209,162","1.67%","0.00","0.00","0.00","Analyze"
"PCAR","Paccar Inc","Common stocks","Large cap","Industrials","$30,021,709,741","1.55%","0.00","0.00","0.00","Analyze"
"MTD","Mettler Toledo Inc","Common stocks","Large cap","Health Care","$29,615,152,178","0.00%","0.00","0.00","0.00","Analyze"
"OKE","Oneok Inc","Common stocks","Large cap","Energy","$29,609,026,130","4.17%","0.00","0.00","0.00","Analyze"
"AME","Ametek Inc","Common stocks","Large cap","Industrials","$29,508,962,832","0.64%","0.00","0.00","0.00","Analyze"
"AWK","American Water Works Inc","Common stocks","Large cap","Utilities","$29,227,629,334","1.49%","0.00","0.00","0.00","Analyze"
"HRL","Hormel Foods Corp","Common stocks","Large cap","Consumer Staples","$29,190,071,992","1.87%","0.00","0.00","0.00","Analyze"
"APTV","Aptiv Plc","Common stocks","Large cap","Consumer Discretionary","$29,158,619,551","0.00%","0.00","0.00","0.00","Analyze"
"GLW","Corning Inc","Common stocks","Large cap","Information Technology","$29,107,138,108","2.85%","0.00","0.00","0.00","Analyze"
"ALGN","Align Technology Inc","Common stocks","Large cap","Health Care","$29,068,097,876","0.00%","0.00","0.00","0.00","Analyze"
"CPRT","Copart Inc","Common stocks","Large cap","Industrials","$28,074,556,188","0.00%","0.00","0.00","0.00","Analyze"
"EXPE","Expedia Inc","Common stocks","Large cap","Consumer Discretionary","$28,058,626,127","0.00%","0.00","0.00","0.00","Analyze"
"EXR","Extra Space Storage Inc","REITs","Large cap","Real Estate","$27,996,719,389","2.38%","0.00","0.00","0.00","Analyze"
"CBRE","CBRE Group Inc","Common stocks","Large cap","Real Estate","$27,994,321,133","0.00%","0.00","0.00","0.00","Analyze"
"CMI","Cummins Inc","Common stocks","Large cap","Industrials","$27,867,925,729","2.88%","0.00","0.00","0.00","Analyze"
"DAL","Delta Air Lines Inc","Common stocks","Large cap","Industrials","$27,739,378,554","0.00%","0.00","0.00","0.00","Analyze"
"LVS","Las Vegas Sands Corp","Common stocks","Large cap","Consumer Discretionary","$27,725,285,140","0.00%","0.00","0.00","0.00","Analyze"
"BLL","Ball Corp","Common stocks","Large cap","Materials","$27,611,402,087","0.87%","0.00","0.00","0.00","Analyze"
"CERN","Cerner Corp","Common stocks","Large cap","Health Care","$27,577,153,559","1.04%","0.00","0.00","0.00","Analyze"
"LUV","Southwest Airlines","Common stocks","Large cap","Industrials","$27,525,783,878","0.00%","0.00","0.00","0.00","Analyze"
"NDAQ","Nasdaq Inc","Common stocks","Large cap","Financials","$27,397,634,677","1.29%","0.00","0.00","0.00","Analyze"
"MKC","McCormick & Co  Non-voting","Common stocks","Large cap","Consumer Staples","$27,305,253,289","1.38%","0.00","0.00","0.00","Analyze"
"WTW","Willis Towers Watson Public Limited Company","Common stocks","Large cap","Financials","$27,296,978,958","1.30%","0.00","0.00","0.00","Analyze"
"EIX","Edison International","Common stocks","Large cap","Utilities","$27,139,344,176","3.77%","0.00","0.00","0.00","Analyze"
"FRC","First Republic Bank","Common stocks","Large cap","Financials","$26,939,906,640","0.56%","0.00","0.00","0.00","Analyze"
"ZBH","Zimmer Biomet Holdings Inc","Common stocks","Large cap","Health Care","$26,753,445,842","0.75%","0.00","0.00","0.00","Analyze"
"KEYS","Keysight Technologies Inc","Common stocks","Large cap","Information Technology","$26,743,054,524","0.00%","0.00","0.00","0.00","Analyze"
"FITB","Fifth Third Bancorp","Common stocks","Large cap","Financials","$26,529,782,697","2.99%","0.00","0.00","0.00","Analyze"
"DTE","DTE Energy","Common stocks","Large cap","Utilities","$26,290,771,759","2.56%","0.00","0.00","0.00","Analyze"
"DHI","D R Horton Inc","Common stocks","Large cap","Consumer Discretionary","$26,289,832,261","1.14%","0.00","0.00","0.00","Analyze"
"EFX","Equifax Inc","Common stocks","Large cap","Industrials","$26,106,314,395","0.73%","0.00","0.00","0.00","Analyze"
"STT","State Street Corp","Common stocks","Large cap","Financials","$26,070,174,362","3.11%","0.00","0.00","0.00","Analyze"
"WST","West Pharmaceutical Services Inc","Common stocks","Large cap","Health Care","$25,945,573,218","0.20%","0.00","0.00","0.00","Analyze"
"FE","Firstenergy Corp","Common stocks","Large cap","Utilities","$25,943,161,894","3.38%","0.00","0.00","0.00","Analyze"
"CHD","Church And Dwight Inc","Common stocks","Large cap","Consumer Staples","$25,247,616,402","0.98%","0.00","0.00","0.00","Analyze"
"GWW","W.W. Grainger Inc","Common stocks","Large cap","Industrials","$25,152,469,242","1.31%","0.00","0.00","0.00","Analyze"
"AEE","Ameren Corp","Common stocks","Large cap","Utilities","$24,720,961,185","2.32%","0.00","0.00","0.00","Analyze"
"LYV","Live Nation Entertainment Inc","Common stocks","Large cap","Communication Services","$24,636,960,047","0.00%","0.00","0.00","0.00","Analyze"
"LH","Laboratory Corporation Of America","Common stocks","Large cap","Health Care","$24,607,764,169","0.00%","0.00","0.00","0.00","Analyze"
"ETR","Entergy Corp","Common stocks","Large cap","Utilities","$24,567,953,868","3.16%","0.00","0.00","0.00","Analyze"
"ANSS","Ansys Inc","Common stocks","Large cap","Information Technology","$24,555,271,679","0.00%","0.00","0.00","0.00","Analyze"
"IT","Gartner Inc","Common stocks","Large cap","Information Technology","$24,203,332,625","0.00%","0.00","0.00","0.00","Analyze"
"STE","STERIS PLC","Common stocks","Large cap","Health Care","$23,846,294,905","0.71%","0.00","0.00","0.00","Analyze"
"MAA","Mid-America Apartment Communities, Inc","REITs","Large cap","Real Estate","$23,647,307,974","2.05%","0.00","0.00","0.00","Analyze"
"HIG","Hartford Financial Services Group","Common stocks","Large cap","Financials","$23,612,607,035","2.04%","0.00","0.00","0.00","Analyze"
"K","Kellogg","Common stocks","Large cap","Consumer Staples","$23,559,233,926","3.30%","0.00","0.00","0.00","Analyze"
"TSCO","Tractor Supply","Common stocks","Large cap","Consumer Discretionary","$23,546,238,618","1.18%","0.00","0.00","0.00","Analyze"
"MTCH","Match Group Inc","Common stocks","Large cap","Communication Services","$23,519,030,794","0.00%","0.00","0.00","0.00","Analyze"
"VMC","Vulcan Materials","Common stocks","Large cap","Materials","$23,390,709,198","0.86%","0.00","0.00","0.00","Analyze"
"VTR","Ventas, Inc","REITs","Large cap","Real Estate","$23,261,758,208","3.06%","0.00","0.00","0.00","Analyze"
"CTRA","Coterra Energy Inc.","Common stocks","Large cap","Energy","$23,242,652,236","1.72%","0.00","0.00","0.00","Analyze"
"ALB","Albemarle Corp","Common stocks","Large cap","Materials","$23,242,125,713","0.79%","0.00","0.00","0.00","Analyze"
"VRSN","Verisign Inc","Common stocks","Large cap","Information Technology","$23,174,757,679","0.00%","0.00","0.00","0.00","Analyze"
"SWK","Stanley Black & Decker Inc","Common stocks","Large cap","Industrials","$23,119,457,747","2.16%","0.00","0.00","0.00","Analyze"
"LEN","Lennar Corporation Class A","Common stocks","Large cap","Consumer Discretionary","$23,082,277,250","1.56%","0.00","0.00","0.00","Analyze"
"CDW","CDW Corp","Common stocks","Large cap","Information Technology","$23,047,537,801","1.05%","0.00","0.00","0.00","Analyze"
"MOS","Mosaic","Common stocks","Large cap","Materials","$23,026,145,798","0.53%","0.00","0.00","0.00","Analyze"
"DRE","Duke Realty Corporation","REITs","Large cap","Real Estate","$22,709,608,353","1.79%","0.00","0.00","0.00","Analyze"
"ESS","Essex Property Trust, Inc","REITs","Large cap","Real Estate","$22,656,423,093","2.41%","0.00","0.00","0.00","Analyze"
"URI","United Rentals Inc","Common stocks","Large cap","Industrials","$22,616,327,617","0.00%","0.00","0.00","0.00","Analyze"
"MLM","Martin Marietta Materials Inc","Common stocks","Large cap","Materials","$22,499,519,029","0.66%","0.00","0.00","0.00","Analyze"
"MTB","M&T Bank Corp","Common stocks","Large cap","Financials","$22,455,746,610","2.62%","0.00","0.00","0.00","Analyze"
"FANG","Diamondback Energy Inc","Common stocks","Large cap","Energy","$22,322,351,400","1.54%","0.00","0.00","0.00","Analyze"
"TDY","Teledyne Technologies Inc","Common stocks","Large cap","Information Technology","$22,119,254,646","0.00%","0.00","0.00","0.00","Analyze"
"NTRS","Northern Trust Corporation","Common stocks","Large cap","Financials","$21,992,151,200","2.62%","0.00","0.00","0.00","Analyze"
"PPL","PPL Corporation","Common stocks","Large cap","Utilities","$21,896,358,692","4.77%","0.00","0.00","0.00","Analyze"
"ULTA","Ulta Beauty Inc","Common stocks","Large cap","Consumer Discretionary","$21,838,255,483","0.00%","0.00","0.00","0.00","Analyze"
"CINF","Cincinnati Financial Corp","Common stocks","Large cap","Financials","$21,831,827,286","1.88%","0.00","0.00","0.00","Analyze"
"GRMN","Garmin Ltd","Common stocks","Large cap","Consumer Discretionary","$21,748,310,495","2.36%","0.00","0.00","0.00","Analyze"
"RJF","Raymond James Inc","Common stocks","Large cap","Financials","$21,584,384,411","1.15%","0.00","0.00","0.00","Analyze"
"ENPH","Enphase Energy Inc","Common stocks","Large cap","Information Technology","$21,269,340,297","0.00%","0.00","0.00","0.00","Analyze"
"VFC","VF Corp","Common stocks","Large cap","Consumer Discretionary","$21,121,249,535","3.60%","0.00","0.00","0.00","Analyze"
"COO","Cooper Companies, Inc.","Common stocks","Large cap","Health Care","$21,019,396,836","0.02%","0.00","0.00","0.00","Analyze"
"RCL","Royal Caribbean Cruises Ltd","Common stocks","Large cap","Consumer Discretionary","$21,007,128,275","0.00%","0.00","0.00","0.00","Analyze"
"BBY","Best Buy Inc","Common stocks","Large cap","Consumer Discretionary","$20,961,947,251","3.17%","0.00","0.00","0.00","Analyze"
"CCL","Carnival Corp","Common stocks","Large cap","Consumer Discretionary","$20,843,331,502","0.00%","0.00","0.00","0.00","Analyze"
"FTV","Fortive Corp","Common stocks","Large cap","Industrials","$20,771,991,009","0.48%","0.00","0.00","0.00","Analyze"
"FOX","Fox Corporation Class B","Common stocks","Large cap","Communication Services","$20,690,329,607","1.36%","0.00","0.00","0.00","Analyze"
"FOXA","Fox Corporation Class A","Common stocks","Large cap","Communication Services","$20,690,329,607","1.26%","0.00","0.00","0.00","Analyze"
"ZBRA","Zebra Technologies Corp","Common stocks","Large cap","Information Technology","$20,540,004,244","0.00%","0.00","0.00","0.00","Analyze"
"DOV","Dover Corp","Common stocks","Large cap","Industrials","$20,505,805,430","1.40%","0.00","0.00","0.00","Analyze"
"CMS","CMS Energy Corp","Common stocks","Large cap","Utilities","$20,480,758,830","2.47%","0.00","0.00","0.00","Analyze"
"PARA","Paramount Global - Class B","Common stocks","Large cap","Communication Services","$20,348,352,350","3.06%","0.00","0.00","0.00","Analyze"
"CEG","Constellation Energy Corporation","Common stocks","Large cap","Utilities","$20,320,171,506","0.23%","0.00","0.00","0.00","Analyze"
"HPE","Hewlett Packard Enterprise","Common stocks","Large cap","Information Technology","$20,269,116,187","3.80%","0.00","0.00","0.00","Analyze"
"RF","Regions Financial Corp","Common stocks","Large cap","Financials","$20,242,356,494","3.04%","0.00","0.00","0.00","Analyze"
"HBAN","Huntington Bancshares Inc","Common stocks","Large cap","Financials","$20,083,090,254","4.32%","0.00","0.00","0.00","Analyze"
"CNP","Centerpoint Energy Inc","Common stocks","Large cap","Utilities","$19,984,478,891","2.06%","0.00","0.00","0.00","Analyze"
"CF","CF Industries Holdings Inc","Common stocks","Large cap","Materials","$19,750,789,532","1.26%","0.00","0.00","0.00","Analyze"
"BXP","Boston Properties, Inc","REITs","Large cap","Real Estate","$19,713,451,681","3.08%","0.00","0.00","0.00","Analyze"
"FLT","Fleetcor Technologies Inc","Common stocks","Large cap","Information Technology","$19,618,075,549","0.00%","0.00","0.00","0.00","Analyze"
"MPWR","Monolithic Power Systems Inc","Common stocks","Large cap","Information Technology","$19,541,686,530","0.61%","0.00","0.00","0.00","Analyze"
"BRO","Brown & Brown Inc","Common stocks","Large cap","Financials","$19,379,702,885","0.57%","0.00","0.00","0.00","Analyze"
"SWKS","Skyworks Solutions Inc","Common stocks","Large cap","Information Technology","$19,332,999,696","1.84%","0.00","0.00","0.00","Analyze"
"SYF","Synchrony Financial","Common stocks","Large cap","Financials","$19,202,006,458","2.28%","0.00","0.00","0.00","Analyze"
"MOH","Molina Healthcare Inc","Common stocks","Large cap","Health Care","$19,169,810,821","0.00%","0.00","0.00","0.00","Analyze"
"AKAM","Akamai Technologies Inc","Common stocks","Large cap","Information Technology","$19,108,313,817","0.00%","0.00","0.00","0.00","Analyze"
"GPC","Genuine Parts","Common stocks","Large cap","Consumer Discretionary","$18,996,410,288","2.46%","0.00","0.00","0.00","Analyze"
"KEY","Keycorp","Common stocks","Large cap","Financials","$18,982,268,800","3.64%","0.00","0.00","0.00","Analyze"
"PKI","Perkinelmer Inc","Common stocks","Large cap","Health Care","$18,861,675,023","0.19%","0.00","0.00","0.00","Analyze"
"IR","Ingersoll Rand Plc","Common stocks","Large cap","Industrials","$18,614,389,824","0.09%","0.00","0.00","0.00","Analyze"
"CLX","Clorox","Common stocks","Large cap","Consumer Staples","$18,568,249,826","2.27%","0.00","0.00","0.00","Analyze"
"PEAK","Healthpeak Properties, Inc.","REITs","Large cap","Real Estate","$18,487,345,474","3.45%","0.00","0.00","0.00","Analyze"
"UDR","UDR, Inc","REITs","Large cap","Real Estate","$18,403,608,434","2.52%","0.00","0.00","0.00","Analyze"
"MGM","MGM Resorts International","Common stocks","Large cap","Consumer Discretionary","$18,297,048,764","0.02%","0.00","0.00","0.00","Analyze"
"JBHT","JB Hunt Transport Services Inc","Common stocks","Large cap","Industrials","$18,277,668,077","0.75%","0.00","0.00","0.00","Analyze"
"PAYC","Paycom Software Inc","Common stocks","Large cap","Information Technology","$18,270,591,013","0.00%","0.00","0.00","0.00","Analyze"
"TER","Teradyne Inc","Common stocks","Large cap","Information Technology","$18,190,607,650","0.36%","0.00","0.00","0.00","Analyze"
"HOLX","Hologic Inc","Common stocks","Large cap","Health Care","$18,181,344,757","0.00%","0.00","0.00","0.00","Analyze"
"J","Jacobs Engineering Group Inc.","Common stocks","Large cap","Industrials","$18,135,563,143","0.61%","0.00","0.00","0.00","Analyze"
"PFG","Principal Financial Group Inc","Common stocks","Large cap","Financials","$18,123,172,335","3.46%","0.00","0.00","0.00","Analyze"
"STX","Seagate Technology Plc","Common stocks","Large cap","Information Technology","$18,067,868,901","2.49%","0.00","0.00","0.00","Analyze"
"WAT","Waters Corp","Common stocks","Large cap","Health Care","$17,892,108,804","0.00%","0.00","0.00","0.00","Analyze"
"IP","International Paper","Common stocks","Large cap","Materials","$17,873,546,971","3.94%","0.00","0.00","0.00","Analyze"
"BR","Broadridge Financial Solutions Inc","Common stocks","Large cap","Information Technology","$17,637,329,426","1.64%","0.00","0.00","0.00","Analyze"
"AMCR","Amcor plc","Common stocks","Large cap","Materials","$17,634,922,090","4.06%","0.00","0.00","0.00","Analyze"
"CFG","Citizens Financial Group Inc","Common stocks","Large cap","Financials","$17,594,910,445","3.70%","0.00","0.00","0.00","Analyze"
"CPT","Camden Property Trust","REITs","Large cap","Real Estate","$17,490,957,062","2.07%","0.00","0.00","0.00","Analyze"
"MRO","Marathon Oil Corp","Common stocks","Large cap","Energy","$17,346,059,305","0.91%","0.00","0.00","0.00","Analyze"
"CAG","Conagra Brands Inc","Common stocks","Large cap","Consumer Staples","$17,328,295,458","3.31%","0.00","0.00","0.00","Analyze"
"DRI","Darden Restaurants Inc","Common stocks","Large cap","Consumer Discretionary","$17,229,554,384","3.15%","0.00","0.00","0.00","Analyze"
"NTAP","NetApp Inc","Common stocks","Large cap","Information Technology","$17,224,321,694","2.56%","0.00","0.00","0.00","Analyze"
"PWR","Quanta Services Inc","Common stocks","Large cap","Industrials","$17,218,440,190","0.22%","0.00","0.00","0.00","Analyze"
"POOL","Pool Corp","Common stocks","Large cap","Consumer Discretionary","$17,159,316,716","0.75%","0.00","0.00","0.00","Analyze"
"TRMB","Trimble Inc","Common stocks","Large cap","Information Technology","$17,142,849,306","0.00%","0.00","0.00","0.00","Analyze"
"CAH","Cardinal Health Inc","Common stocks","Large cap","Health Care","$16,967,239,646","3.16%","0.00","0.00","0.00","Analyze"
"INCY","Incyte Corp","Common stocks","Large cap","Health Care","$16,944,656,470","0.00%","0.00","0.00","0.00","Analyze"
"EXPD","Expeditors International Of Washington","Common stocks","Large cap","Industrials","$16,856,985,045","1.15%","0.00","0.00","0.00","Analyze"
"FMC","FMC Corp","Common stocks","Large cap","Materials","$16,573,826,352","1.52%","0.00","0.00","0.00","Analyze"
"DISH","Dish Network Corp Class A","Common stocks","Large cap","Communication Services","$16,563,519,318","0.00%","0.00","0.00","0.00","Analyze"
"WAB","Westinghouse Air Brake Technologies","Common stocks","Large cap","Industrials","$16,444,448,517","0.57%","0.00","0.00","0.00","Analyze"
"TYL","Tyler Technologies Inc","Common stocks","Large cap","Information Technology","$16,425,417,873","0.00%","0.00","0.00","0.00","Analyze"
"ROL","Rollins Inc","Common stocks","Large cap","Industrials","$16,420,375,200","1.07%","0.00","0.00","0.00","Analyze"
"OMC","Omnicom Group Inc","Common stocks","Large cap","Communication Services","$16,273,455,304","3.49%","0.00","0.00","0.00","Analyze"
"FDS","Factset Research Systems Inc","Common stocks","Large cap","Financials","$16,259,148,254","0.76%","0.00","0.00","0.00","Analyze"
"IRM","Iron Mountain Incorporated","REITs","Large cap","Real Estate","$16,185,468,929","4.36%","0.00","0.00","0.00","Analyze"
"CTLT","Catalent Inc","Common stocks","Large cap","Health Care","$16,144,450,154","0.00%","0.00","0.00","0.00","Analyze"
"EVRG","Evergy Inc","Common stocks","Large cap","Utilities","$16,074,119,270","3.12%","0.00","0.00","0.00","Analyze"
"DGX","Quest Diagnostics Inc","Common stocks","Large cap","Health Care","$16,034,410,125","1.84%","0.00","0.00","0.00","Analyze"
"WDC","Western Digital Corp","Common stocks","Large cap","Information Technology","$15,961,931,214","0.00%","0.00","0.00","0.00","Analyze"
"EPAM","Epam Systems Inc","Common stocks","Large cap","Information Technology","$15,959,439,423","0.00%","0.00","0.00","0.00","Analyze"
"ATO","Atmos Energy Corp","Common stocks","Large cap","Utilities","$15,940,379,003","2.20%","0.00","0.00","0.00","Analyze"
"L","Loews Corp","Common stocks","Large cap","Financials","$15,936,789,533","0.39%","0.00","0.00","0.00","Analyze"
"BIO","Bio Rad Laboratories Inc Class A","Common stocks","Large cap","Health Care","$15,905,430,334","0.00%","0.00","0.00","0.00","Analyze"
"KIM","Kimco Realty Corporation","REITs","Large cap","Real Estate","$15,830,979,661","2.70%","0.00","0.00","0.00","Analyze"
"SBNY","Signature Bank","Common stocks","Large cap","Financials","$15,828,743,162","0.86%","0.00","0.00","0.00","Analyze"
"TECH","Bio-Techne Corp","Common stocks","Large cap","Health Care","$15,751,053,911","0.32%","0.00","0.00","0.00","Analyze"
"GNRC","Generac Holdings Inc","Common stocks","Large cap","Industrials","$15,648,680,936","0.00%","0.00","0.00","0.00","Analyze"
"LNT","Alliant Energy Corp","Common stocks","Large cap","Utilities","$15,567,326,134","2.61%","0.00","0.00","0.00","Analyze"
"SJM","J.M. Smucker","Common stocks","Large cap","Consumer Staples","$15,423,868,211","2.69%","0.00","0.00","0.00","Analyze"
"TTWO","Take Two Interactive Software Inc","Common stocks","Large cap","Communication Services","$15,351,184,525","0.00%","0.00","0.00","0.00","Analyze"
"CE","Celanese Corporation","Common stocks","Large cap","Materials","$15,330,433,280","1.43%","0.00","0.00","0.00","Analyze"
"TFX","Teleflex Inc","Common stocks","Large cap","Health Care","$15,306,371,100","0.42%","0.00","0.00","0.00","Analyze"
"PKG","Packaging Corp Of America","Common stocks","Large cap","Materials","$15,207,192,136","2.44%","0.00","0.00","0.00","Analyze"
"XYL","Xylem Inc","Common stocks","Large cap","Industrials","$15,136,788,409","1.35%","0.00","0.00","0.00","Analyze"
"NLOK","NortonLifeLock Inc.","Common stocks","Large cap","Information Technology","$15,052,752,012","1.92%","0.00","0.00","0.00","Analyze"
"HST","Host Hotels & Resorts, Inc","REITs","Large cap","Real Estate","$14,947,161,509","0.14%","0.00","0.00","0.00","Analyze"
"TXT","Textron Inc","Common stocks","Large cap","Industrials","$14,781,786,399","0.12%","0.00","0.00","0.00","Analyze"
"AES","AES Corp","Common stocks","Large cap","Utilities","$14,736,084,735","2.73%","0.00","0.00","0.00","Analyze"
"CZR","Caesars Entertainment Corp","Common stocks","Large cap","Consumer Discretionary","$14,667,456,394","0.00%","0.00","0.00","0.00","Analyze"
"NVR","NVR, Inc.","Common stocks","Large cap","Consumer Discretionary","$14,627,477,894","0.00%","0.00","0.00","0.00","Analyze"
"LDOS","Leidos Holdings Inc","Common stocks","Large cap","Industrials","$14,611,768,603","1.32%","0.00","0.00","0.00","Analyze"
"IEX","IDEX Corp","Common stocks","Large cap","Industrials","$14,590,041,431","1.12%","0.00","0.00","0.00","Analyze"
"HWM","Howmet Aerospace Inc.","Common stocks","Large cap","Industrials","$14,541,616,286","0.17%","0.00","0.00","0.00","Analyze"
"KMX","Carmax Inc","Common stocks","Large cap","Consumer Discretionary","$14,520,649,256","0.00%","0.00","0.00","0.00","Analyze"
"JKHY","Jack Henry & Associates, Inc.","Common stocks","Large cap","Information Technology","$14,379,302,766","0.94%","0.00","0.00","0.00","Analyze"
"LKQ","LKQ Corp","Common stocks","Large cap","Consumer Discretionary","$14,212,469,054","1.00%","0.00","0.00","0.00","Analyze"
"CPB","Campbell Soup","Common stocks","Large cap","Consumer Staples","$14,128,775,467","3.12%","0.00","0.00","0.00","Analyze"
"RE","Everest Re Group Ltd","Common stocks","Large cap","Financials","$13,976,696,180","2.16%","0.00","0.00","0.00","Analyze"
"AVY","Avery Dennison Corp","Common stocks","Large cap","Materials","$13,834,961,397","1.60%","0.00","0.00","0.00","Analyze"
"IPG","Interpublic Group Of Companies Inc","Common stocks","Large cap","Communication Services","$13,805,232,040","3.10%","0.00","0.00","0.00","Analyze"
"ABMD","Abiomed Inc","Common stocks","Large cap","Health Care","$13,752,264,668","0.00%","0.00","0.00","0.00","Analyze"
"AAP","Advance Auto Parts Inc","Common stocks","Large cap","Consumer Discretionary","$13,676,474,183","1.99%","0.00","0.00","0.00","Analyze"
"EMN","Eastman Chemical","Common stocks","Large cap","Materials","$13,650,606,561","2.71%","0.00","0.00","0.00","Analyze"
"DPZ","Dominos Pizza Inc","Common stocks","Large cap","Consumer Discretionary","$13,627,443,341","1.03%","0.00","0.00","0.00","Analyze"
"APA","Apache Corp","Common stocks","Large cap","Energy","$13,557,914,702","0.86%","0.00","0.00","0.00","Analyze"
"SEDG","SolarEdge Technologies Inc","Common stocks","Large cap","Information Technology","$13,389,000,856","0.00%","0.00","0.00","0.00","Analyze"
"BEN","Franklin Resources Inc","Common stocks","Large cap","Financials","$13,371,572,399","4.22%","0.00","0.00","0.00","Analyze"
"CHRW","C.H. Robinson Worldwide, Inc.","Common stocks","Large cap","Industrials","$13,271,794,681","2.03%","0.00","0.00","0.00","Analyze"
"WRK","Westrock","Common stocks","Large cap","Materials","$13,092,283,858","1.96%","0.00","0.00","0.00","Analyze"
"AAL","American Airlines Group Inc","Common stocks","Large cap","Industrials","$12,977,306,663","0.00%","0.00","0.00","0.00","Analyze"
"ETSY","Etsy Inc","Common stocks","Large cap","Consumer Discretionary","$12,958,475,327","0.00%","0.00","0.00","0.00","Analyze"
"BBWI","Bath & Body Works, Inc.","Common stocks","Large cap","Consumer Discretionary","$12,902,304,943","1.42%","0.00","0.00","0.00","Analyze"
"NDSN","Nordson Corp","Common stocks","Large cap","Industrials","$12,794,436,667","0.87%","0.00","0.00","0.00","Analyze"
"CRL","Charles River Laboratories International","Common stocks","Large cap","Health Care","$12,790,135,147","0.00%","0.00","0.00","0.00","Analyze"
"CTXS","Citrix Systems Inc","Common stocks","Large cap","Information Technology","$12,753,743,166","1.09%","0.00","0.00","0.00","Analyze"
"VTRS","Viatris Inc.","Common stocks","Large cap","Health Care","$12,567,497,549","4.28%","0.00","0.00","0.00","Analyze"
"HAS","Hasbro Inc","Common stocks","Large cap","Consumer Discretionary","$12,442,457,627","3.00%","0.00","0.00","0.00","Analyze"
"RHI","Robert Half","Common stocks","Large cap","Industrials","$12,431,500,644","1.39%","0.00","0.00","0.00","Analyze"
"QRVO","Qorvo, Inc.","Common stocks","Large cap","Information Technology","$12,427,348,770","0.00%","0.00","0.00","0.00","Analyze"
"NI","Nisource Inc","Common stocks","Large cap","Utilities","$12,396,673,606","2.89%","0.00","0.00","0.00","Analyze"
"NWS","News Corp Class B","Common stocks","Large cap","Communication Services","$12,355,395,977","0.94%","0.00","0.00","0.00","Analyze"
"NWSA","News Corp Class A","Common stocks","Large cap","Communication Services","$12,355,395,977","0.96%","0.00","0.00","0.00","Analyze"
"MAS","Masco Corp","Common stocks","Large cap","Industrials","$12,351,284,899","1.87%","0.00","0.00","0.00","Analyze"
"FFIV","F5 Networks Inc","Common stocks","Large cap","Information Technology","$12,329,848,510","0.00%","0.00","0.00","0.00","Analyze"
"CBOE","Cboe Global Markets, Inc.","Common stocks","Large cap","Financials","$12,238,441,483","1.60%","0.00","0.00","0.00","Analyze"
"HSIC","Henry Schein Inc","Common stocks","Large cap","Health Care","$12,146,833,753","0.00%","0.00","0.00","0.00","Analyze"
"REG","Regency Centers Corporation","REITs","Large cap","Real Estate","$12,030,353,221","3.43%","0.00","0.00","0.00","Analyze"
"WRB","WR Berkley Corp","Common stocks","Large cap","Financials","$12,004,103,061","0.51%","0.00","0.00","0.00","Analyze"
"SNA","Snap On Inc","Common stocks","Large cap","Industrials","$11,916,334,608","2.36%","0.00","0.00","0.00","Analyze"
"TAP","Molson Coors Brewing Class B","Common stocks","Large cap","Consumer Staples","$11,814,514,796","1.93%","0.00","0.00","0.00","Analyze"
"UHS","Universal Health Services Inc.","Common stocks","Large cap","Health Care","$11,791,713,792","0.58%","0.00","0.00","0.00","Analyze"
"PTC","PTC Inc","Common stocks","Large cap","Information Technology","$11,775,400,013","0.00%","0.00","0.00","0.00","Analyze"
"LUMN","CenturyLink, Inc.","Common stocks","Large cap","Communication Services","$11,226,101,570","8.99%","0.00","0.00","0.00","Analyze"
"JNPR","Juniper Networks Inc","Common stocks","Large cap","Information Technology","$11,167,322,509","2.32%","0.00","0.00","0.00","Analyze"
"LNC","Lincoln National Corp","Common stocks","Large cap","Financials","$11,054,297,412","2.68%","0.00","0.00","0.00","Analyze"
"CMA","Comerica Inc","Common stocks","Large cap","Financials","$10,983,087,876","3.21%","0.00","0.00","0.00","Analyze"
"DVA","Davita Inc","Common stocks","Large cap","Health Care","$10,837,602,000","0.00%","0.00","0.00","0.00","Analyze"
"AIZ","Assurant Inc","Common stocks","Large cap","Financials","$10,800,704,893","1.43%","0.00","0.00","0.00","Analyze"
"PHM","Pultegroup Inc","Common stocks","Large cap","Consumer Discretionary","$10,543,033,593","1.32%","0.00","0.00","0.00","Analyze"
"WHR","Whirlpool Corp","Common stocks","Large cap","Consumer Discretionary","$10,483,787,490","3.29%","0.00","0.00","0.00","Analyze"
"AOS","A O Smith Corp","Common stocks","Large cap","Industrials","$10,435,289,060","1.66%","0.00","0.00","0.00","Analyze"
"MKTX","Marketaxess Holdings Inc","Common stocks","Large cap","Financials","$10,137,999,717","1.00%","0.00","0.00","0.00","Analyze"
"GL","Globe Life Inc.","Common stocks","Large cap","Financials","$10,135,497,054","0.78%","0.00","0.00","0.00","Analyze"
"ALLE","Allegion PLC","Common stocks","Large cap","Industrials","$10,072,703,832","1.29%","0.00","0.00","0.00","Analyze"
"LW","Lamb Weston Holdings Inc","Common stocks","Mid cap","Consumer Staples","$9,987,057,629","1.37%","0.00","0.00","0.00","Analyze"
"SEE","Sealed Air Corp","Common stocks","Mid cap","Materials","$9,685,097,808","1.22%","0.00","0.00","0.00","Analyze"
"FBHS","Fortune Brands Home And Security","Common stocks","Mid cap","Industrials","$9,681,164,763","1.44%","0.00","0.00","0.00","Analyze"
"NWL","Newell Brands Inc","Common stocks","Mid cap","Consumer Discretionary","$9,675,808,273","3.90%","0.00","0.00","0.00","Analyze"
"NLSN","Nielsen Holdings Plc","Common stocks","Mid cap","Industrials","$9,624,184,774","0.89%","0.00","0.00","0.00","Analyze"
"FRT","Federal Realty Investment Trust","REITs","Mid cap","Real Estate","$9,483,546,393","0.89%","0.00","0.00","0.00","Analyze"
"IVZ","Invesco Ltd","Common stocks","Mid cap","Financials","$9,455,952,374","3.24%","0.00","0.00","0.00","Analyze"
"ZION","Zions Bancorporation","Common stocks","Mid cap","Financials","$9,279,235,127","2.40%","0.00","0.00","0.00","Analyze"
"NRG","NRG Energy Inc","Common stocks","Mid cap","Utilities","$9,107,383,319","3.48%","0.00","0.00","0.00","Analyze"
"BWA","BorgWarner Inc","Common stocks","Mid cap","Consumer Discretionary","$9,051,784,993","1.79%","0.00","0.00","0.00","Analyze"
"XRAY","Dentsply Sirona Inc","Common stocks","Mid cap","Health Care","$8,947,703,121","1.09%","0.00","0.00","0.00","Analyze"
"CDAY","Ceridian HCM Holding Inc.","Common stocks","Mid cap","Information Technology","$8,910,110,896","0.00%","0.00","0.00","0.00","Analyze"
"TPR","Tapestry","Common stocks","Mid cap","Consumer Discretionary","$8,756,538,979","2.25%","0.00","0.00","0.00","Analyze"
"HII","Huntington Ingalls Industries Inc","Common stocks","Mid cap","Industrials","$8,755,841,510","2.10%","0.00","0.00","0.00","Analyze"
"PNR","Pentair","Common stocks","Mid cap","Industrials","$8,728,140,797","1.55%","0.00","0.00","0.00","Analyze"
"PNW","Pinnacle West Corp","Common stocks","Mid cap","Utilities","$8,675,860,214","4.30%","0.00","0.00","0.00","Analyze"
"WYNN","Wynn Resorts Ltd","Common stocks","Mid cap","Consumer Discretionary","$8,370,465,064","0.00%","0.00","0.00","0.00","Analyze"
"OGN","Organon & Co.","Common stocks","Mid cap","Health Care","$8,245,744,689","2.56%","0.00","0.00","0.00","Analyze"
"MHK","Mohawk Industries Inc","Common stocks","Mid cap","Consumer Discretionary","$8,141,942,304","0.00%","0.00","0.00","0.00","Analyze"
"VNO","Vornado Realty Trust","REITs","Mid cap","Real Estate","$7,940,095,850","5.02%","0.00","0.00","0.00","Analyze"
"RL","Ralph Lauren Corp Class A","Common stocks","Mid cap","Consumer Discretionary","$7,926,286,781","2.51%","0.00","0.00","0.00","Analyze"
"DXC","DXC Technology Company","Common stocks","Mid cap","Information Technology","$7,368,563,032","0.00%","0.00","0.00","0.00","Analyze"
"ALK","Alaska Air Group Inc","Common stocks","Mid cap","Industrials","$7,116,328,099","0.00%","0.00","0.00","0.00","Analyze"
"UA","Under Armour Inc Class C","Common stocks","Mid cap","Consumer Discretionary","$7,079,534,880","0.00%","0.00","0.00","0.00","Analyze"
"UAA","Under Armour Inc Class A","Common stocks","Mid cap","Consumer Discretionary","$7,079,534,880","0.00%","0.00","0.00","0.00","Analyze"
"PENN","Penn National Gaming Inc","Common stocks","Mid cap","Consumer Discretionary","$6,455,172,362","0.00%","0.00","0.00","0.00","Analyze"
"PVH","PVH Corp","Common stocks","Mid cap","Consumer Discretionary","$5,181,450,054","0.10%","0.00","0.00","0.00","Analyze"
"IPGP","IPG Photonics Corp","Common stocks","Mid cap","Information Technology","$5,088,737,832","0.00%","0.00","0.00","0.00","Analyze"
"NCLH","Norwegian Cruise Line Holdings Ltd","Common stocks","Mid cap","Consumer Discretionary","$4,564,476,000","0.00%","0.00","0.00","0.00","Analyze"